ITS1f_primer,515_16S_primer,coligo,806_16S_primer,ITS2_primer,well_position
CTTGGTCATTTAGAGGAAGTAAT,GTGCCAGCAGCCGCGGTAA,AACAACAACAACC,ATTAGATACCCTAGTAGTCC,GCATCGATGAAGAACGCAGC,A1
CTTGGTCATTTAGAGGAAGTAAT,GTGCCAGCAGCCGCGGTAA,AACAACAAGGTGG,ATTAGATACCCTAGTAGTCC,GCATCGATGAAGAACGCAGC,A2
CTTGGTCATTTAGAGGAAGTAAT,GTGCCAGCAGCCGCGGTAA,AACAACCGATTCC,ATTAGATACCCTAGTAGTCC,GCATCGATGAAGAACGCAGC,A3
CTTGGTCATTTAGAGGAAGTAAT,GTGCCAGCAGCCGCGGTAA,AACAACTCTCGCC,ATTAGATACCCTAGTAGTCC,GCATCGATGAAGAACGCAGC,A4
CTTGGTCATTTAGAGGAAGTAAT,GTGCCAGCAGCCGCGGTAA,AACAAGACTGAGA,ATTAGATACCCTAGTAGTCC,GCATCGATGAAGAACGCAGC,A5
CTTGGTCATTTAGAGGAAGTAAT,GTGCCAGCAGCCGCGGTAA,AACAATGGTAACG,ATTAGATACCCTAGTAGTCC,GCATCGATGAAGAACGCAGC,A6
CTTGGTCATTTAGAGGAAGTAAT,GTGCCAGCAGCCGCGGTAA,AACACCGCAAGAC,ATTAGATACCCTAGTAGTCC,GCATCGATGAAGAACGCAGC,A7
CTTGGTCATTTAGAGGAAGTAAT,GTGCCAGCAGCCGCGGTAA,AACACCTTGGATC,ATTAGATACCCTAGTAGTCC,GCATCGATGAAGAACGCAGC,A8
CTTGGTCATTTAGAGGAAGTAAT,GTGCCAGCAGCCGCGGTAA,AACACGCCTCTTA,ATTAGATACCCTAGTAGTCC,GCATCGATGAAGAACGCAGC,A9
CTTGGTCATTTAGAGGAAGTAAT,GTGCCAGCAGCCGCGGTAA,AACAGAATGCCTT,ATTAGATACCCTAGTAGTCC,GCATCGATGAAGAACGCAGC,A10
CTTGGTCATTTAGAGGAAGTAAT,GTGCCAGCAGCCGCGGTAA,AACAGGTCCAGTA,ATTAGATACCCTAGTAGTCC,GCATCGATGAAGAACGCAGC,A11
CTTGGTCATTTAGAGGAAGTAAT,GTGCCAGCAGCCGCGGTAA,AACATGCGGTCGG,ATTAGATACCCTAGTAGTCC,GCATCGATGAAGAACGCAGC,A12
CTTGGTCATTTAGAGGAAGTAAT,GTGCCAGCAGCCGCGGTAA,AACCAATTAGTCC,ATTAGATACCCTAGTAGTCC,GCATCGATGAAGAACGCAGC,B1
CTTGGTCATTTAGAGGAAGTAAT,GTGCCAGCAGCCGCGGTAA,AACCACGGAGCAC,ATTAGATACCCTAGTAGTCC,GCATCGATGAAGAACGCAGC,B2
CTTGGTCATTTAGAGGAAGTAAT,GTGCCAGCAGCCGCGGTAA,AACCATCCTACCT,ATTAGATACCCTAGTAGTCC,GCATCGATGAAGAACGCAGC,B3
CTTGGTCATTTAGAGGAAGTAAT,GTGCCAGCAGCCGCGGTAA,AACCGACCAATGA,ATTAGATACCCTAGTAGTCC,GCATCGATGAAGAACGCAGC,B4
CTTGGTCATTTAGAGGAAGTAAT,GTGCCAGCAGCCGCGGTAA,AACCGGAGTGTAA,ATTAGATACCCTAGTAGTCC,GCATCGATGAAGAACGCAGC,B5
CTTGGTCATTTAGAGGAAGTAAT,GTGCCAGCAGCCGCGGTAA,AACCGTAACCGCG,ATTAGATACCCTAGTAGTCC,GCATCGATGAAGAACGCAGC,B6
CTTGGTCATTTAGAGGAAGTAAT,GTGCCAGCAGCCGCGGTAA,AACCTAGCTTCAT,ATTAGATACCCTAGTAGTCC,GCATCGATGAAGAACGCAGC,B7
CTTGGTCATTTAGAGGAAGTAAT,GTGCCAGCAGCCGCGGTAA,AACCTCACGATAA,ATTAGATACCCTAGTAGTCC,GCATCGATGAAGAACGCAGC,B8
CTTGGTCATTTAGAGGAAGTAAT,GTGCCAGCAGCCGCGGTAA,AACCTCTGTGTGG,ATTAGATACCCTAGTAGTCC,GCATCGATGAAGAACGCAGC,B9
CTTGGTCATTTAGAGGAAGTAAT,GTGCCAGCAGCCGCGGTAA,AACGATATAGGAC,ATTAGATACCCTAGTAGTCC,GCATCGATGAAGAACGCAGC,B10
CTTGGTCATTTAGAGGAAGTAAT,GTGCCAGCAGCCGCGGTAA,AACGCTCGAACTC,ATTAGATACCCTAGTAGTCC,GCATCGATGAAGAACGCAGC,B11
CTTGGTCATTTAGAGGAAGTAAT,GTGCCAGCAGCCGCGGTAA,AACGGTATTCTCA,ATTAGATACCCTAGTAGTCC,GCATCGATGAAGAACGCAGC,B12
CTTGGTCATTTAGAGGAAGTAAT,GTGCCAGCAGCCGCGGTAA,AACGTGAGCAGAA,ATTAGATACCCTAGTAGTCC,GCATCGATGAAGAACGCAGC,C1
CTTGGTCATTTAGAGGAAGTAAT,GTGCCAGCAGCCGCGGTAA,AACTCCAGCCGTG,ATTAGATACCCTAGTAGTCC,GCATCGATGAAGAACGCAGC,C2
CTTGGTCATTTAGAGGAAGTAAT,GTGCCAGCAGCCGCGGTAA,AACTTAATCACCG,ATTAGATACCCTAGTAGTCC,GCATCGATGAAGAACGCAGC,C3
CTTGGTCATTTAGAGGAAGTAAT,GTGCCAGCAGCCGCGGTAA,AACTTGCACTTGT,ATTAGATACCCTAGTAGTCC,GCATCGATGAAGAACGCAGC,C4
CTTGGTCATTTAGAGGAAGTAAT,GTGCCAGCAGCCGCGGTAA,AAGAACAGCTATG,ATTAGATACCCTAGTAGTCC,GCATCGATGAAGAACGCAGC,C5
CTTGGTCATTTAGAGGAAGTAAT,GTGCCAGCAGCCGCGGTAA,AAGAAGAACCGTC,ATTAGATACCCTAGTAGTCC,GCATCGATGAAGAACGCAGC,C6
CTTGGTCATTTAGAGGAAGTAAT,GTGCCAGCAGCCGCGGTAA,AAGAAGGTGCTGC,ATTAGATACCCTAGTAGTCC,GCATCGATGAAGAACGCAGC,C7
CTTGGTCATTTAGAGGAAGTAAT,GTGCCAGCAGCCGCGGTAA,AAGACATCCGAGA,ATTAGATACCCTAGTAGTCC,GCATCGATGAAGAACGCAGC,C8
CTTGGTCATTTAGAGGAAGTAAT,GTGCCAGCAGCCGCGGTAA,AAGACCGTACATT,ATTAGATACCCTAGTAGTCC,GCATCGATGAAGAACGCAGC,C9
CTTGGTCATTTAGAGGAAGTAAT,GTGCCAGCAGCCGCGGTAA,AAGACGAGGAAGG,ATTAGATACCCTAGTAGTCC,GCATCGATGAAGAACGCAGC,C10
CTTGGTCATTTAGAGGAAGTAAT,GTGCCAGCAGCCGCGGTAA,AAGAGCTGGTTAG,ATTAGATACCCTAGTAGTCC,GCATCGATGAAGAACGCAGC,C11
CTTGGTCATTTAGAGGAAGTAAT,GTGCCAGCAGCCGCGGTAA,AAGAGTTATCGCA,ATTAGATACCCTAGTAGTCC,GCATCGATGAAGAACGCAGC,C12
CTTGGTCATTTAGAGGAAGTAAT,GTGCCAGCAGCCGCGGTAA,AAGATGCCACGAC,ATTAGATACCCTAGTAGTCC,GCATCGATGAAGAACGCAGC,D1
CTTGGTCATTTAGAGGAAGTAAT,GTGCCAGCAGCCGCGGTAA,AAGCCATTGCGCC,ATTAGATACCCTAGTAGTCC,GCATCGATGAAGAACGCAGC,D2
CTTGGTCATTTAGAGGAAGTAAT,GTGCCAGCAGCCGCGGTAA,AAGCGCCTGTCCT,ATTAGATACCCTAGTAGTCC,GCATCGATGAAGAACGCAGC,D3
CTTGGTCATTTAGAGGAAGTAAT,GTGCCAGCAGCCGCGGTAA,AAGCGGACAACCT,ATTAGATACCCTAGTAGTCC,GCATCGATGAAGAACGCAGC,D4
CTTGGTCATTTAGAGGAAGTAAT,GTGCCAGCAGCCGCGGTAA,AAGCTAAGTGGAC,ATTAGATACCCTAGTAGTCC,GCATCGATGAAGAACGCAGC,D5
CTTGGTCATTTAGAGGAAGTAAT,GTGCCAGCAGCCGCGGTAA,AAGGAATTGAAGG,ATTAGATACCCTAGTAGTCC,GCATCGATGAAGAACGCAGC,D6
CTTGGTCATTTAGAGGAAGTAAT,GTGCCAGCAGCCGCGGTAA,AAGGTACACGGTC,ATTAGATACCCTAGTAGTCC,GCATCGATGAAGAACGCAGC,D7
CTTGGTCATTTAGAGGAAGTAAT,GTGCCAGCAGCCGCGGTAA,AAGGTCGGATGAG,ATTAGATACCCTAGTAGTCC,GCATCGATGAAGAACGCAGC,D8
CTTGGTCATTTAGAGGAAGTAAT,GTGCCAGCAGCCGCGGTAA,AAGGTGCTAATCC,ATTAGATACCCTAGTAGTCC,GCATCGATGAAGAACGCAGC,D9
CTTGGTCATTTAGAGGAAGTAAT,GTGCCAGCAGCCGCGGTAA,AAGTATCGTTGCC,ATTAGATACCCTAGTAGTCC,GCATCGATGAAGAACGCAGC,D10
CTTGGTCATTTAGAGGAAGTAAT,GTGCCAGCAGCCGCGGTAA,AAGTCCTCTAAGC,ATTAGATACCCTAGTAGTCC,GCATCGATGAAGAACGCAGC,D11
CTTGGTCATTTAGAGGAAGTAAT,GTGCCAGCAGCCGCGGTAA,AAGTGGAGTTCGG,ATTAGATACCCTAGTAGTCC,GCATCGATGAAGAACGCAGC,D12
CTTGGTCATTTAGAGGAAGTAAT,GTGCCAGCAGCCGCGGTAA,AAGTTGGTCATAG,ATTAGATACCCTAGTAGTCC,GCATCGATGAAGAACGCAGC,E1
CTTGGTCATTTAGAGGAAGTAAT,GTGCCAGCAGCCGCGGTAA,AATAAGCGCCAAT,ATTAGATACCCTAGTAGTCC,GCATCGATGAAGAACGCAGC,E2
CTTGGTCATTTAGAGGAAGTAAT,GTGCCAGCAGCCGCGGTAA,AATACGACAGCGG,ATTAGATACCCTAGTAGTCC,GCATCGATGAAGAACGCAGC,E3
CTTGGTCATTTAGAGGAAGTAAT,GTGCCAGCAGCCGCGGTAA,AATACTGTTCTCC,ATTAGATACCCTAGTAGTCC,GCATCGATGAAGAACGCAGC,E4
CTTGGTCATTTAGAGGAAGTAAT,GTGCCAGCAGCCGCGGTAA,AATAGCATACTGG,ATTAGATACCCTAGTAGTCC,GCATCGATGAAGAACGCAGC,E5
CTTGGTCATTTAGAGGAAGTAAT,GTGCCAGCAGCCGCGGTAA,AATCCGGTTATGA,ATTAGATACCCTAGTAGTCC,GCATCGATGAAGAACGCAGC,E6
CTTGGTCATTTAGAGGAAGTAAT,GTGCCAGCAGCCGCGGTAA,AATCGAGTACCAT,ATTAGATACCCTAGTAGTCC,GCATCGATGAAGAACGCAGC,E7
CTTGGTCATTTAGAGGAAGTAAT,GTGCCAGCAGCCGCGGTAA,AATCTTCAGGAGG,ATTAGATACCCTAGTAGTCC,GCATCGATGAAGAACGCAGC,E8
CTTGGTCATTTAGAGGAAGTAAT,GTGCCAGCAGCCGCGGTAA,AATCTTCCGCTCC,ATTAGATACCCTAGTAGTCC,GCATCGATGAAGAACGCAGC,E9
CTTGGTCATTTAGAGGAAGTAAT,GTGCCAGCAGCCGCGGTAA,AATGTCTTGGTAG,ATTAGATACCCTAGTAGTCC,GCATCGATGAAGAACGCAGC,E10
CTTGGTCATTTAGAGGAAGTAAT,GTGCCAGCAGCCGCGGTAA,AATGTGACGCCTT,ATTAGATACCCTAGTAGTCC,GCATCGATGAAGAACGCAGC,E11
CTTGGTCATTTAGAGGAAGTAAT,GTGCCAGCAGCCGCGGTAA,AATTACCGGAACT,ATTAGATACCCTAGTAGTCC,GCATCGATGAAGAACGCAGC,E12
CTTGGTCATTTAGAGGAAGTAAT,GTGCCAGCAGCCGCGGTAA,AATTAGTGAGTGG,ATTAGATACCCTAGTAGTCC,GCATCGATGAAGAACGCAGC,F1
CTTGGTCATTTAGAGGAAGTAAT,GTGCCAGCAGCCGCGGTAA,AATTCCTATCGAC,ATTAGATACCCTAGTAGTCC,GCATCGATGAAGAACGCAGC,F2
CTTGGTCATTTAGAGGAAGTAAT,GTGCCAGCAGCCGCGGTAA,ACAACACTTCTAG,ATTAGATACCCTAGTAGTCC,GCATCGATGAAGAACGCAGC,F3
CTTGGTCATTTAGAGGAAGTAAT,GTGCCAGCAGCCGCGGTAA,ACAACGCCGGATA,ATTAGATACCCTAGTAGTCC,GCATCGATGAAGAACGCAGC,F4
CTTGGTCATTTAGAGGAAGTAAT,GTGCCAGCAGCCGCGGTAA,ACAAGAGACGCAA,ATTAGATACCCTAGTAGTCC,GCATCGATGAAGAACGCAGC,F5
CTTGGTCATTTAGAGGAAGTAAT,GTGCCAGCAGCCGCGGTAA,ACAAGGATTATGG,ATTAGATACCCTAGTAGTCC,GCATCGATGAAGAACGCAGC,F6
CTTGGTCATTTAGAGGAAGTAAT,GTGCCAGCAGCCGCGGTAA,ACAAGTTCACACC,ATTAGATACCCTAGTAGTCC,GCATCGATGAAGAACGCAGC,F7
CTTGGTCATTTAGAGGAAGTAAT,GTGCCAGCAGCCGCGGTAA,ACAATACAATGCG,ATTAGATACCCTAGTAGTCC,GCATCGATGAAGAACGCAGC,F8
CTTGGTCATTTAGAGGAAGTAAT,GTGCCAGCAGCCGCGGTAA,ACACGTTGCTGGA,ATTAGATACCCTAGTAGTCC,GCATCGATGAAGAACGCAGC,F9
CTTGGTCATTTAGAGGAAGTAAT,GTGCCAGCAGCCGCGGTAA,ACACTATGAAGAG,ATTAGATACCCTAGTAGTCC,GCATCGATGAAGAACGCAGC,F10
CTTGGTCATTTAGAGGAAGTAAT,GTGCCAGCAGCCGCGGTAA,ACACTCAGGTTGG,ATTAGATACCCTAGTAGTCC,GCATCGATGAAGAACGCAGC,F11
CTTGGTCATTTAGAGGAAGTAAT,GTGCCAGCAGCCGCGGTAA,ACAGCAGTCTCCG,ATTAGATACCCTAGTAGTCC,GCATCGATGAAGAACGCAGC,F12
CTTGGTCATTTAGAGGAAGTAAT,GTGCCAGCAGCCGCGGTAA,ACAGCCAACGTAA,ATTAGATACCCTAGTAGTCC,GCATCGATGAAGAACGCAGC,G1
CTTGGTCATTTAGAGGAAGTAAT,GTGCCAGCAGCCGCGGTAA,ACAGTGAATACAG,ATTAGATACCCTAGTAGTCC,GCATCGATGAAGAACGCAGC,G2
CTTGGTCATTTAGAGGAAGTAAT,GTGCCAGCAGCCGCGGTAA,ACATATCTGCAAC,ATTAGATACCCTAGTAGTCC,GCATCGATGAAGAACGCAGC,G3
CTTGGTCATTTAGAGGAAGTAAT,GTGCCAGCAGCCGCGGTAA,ACATCCGCGCACT,ATTAGATACCCTAGTAGTCC,GCATCGATGAAGAACGCAGC,G4
CTTGGTCATTTAGAGGAAGTAAT,GTGCCAGCAGCCGCGGTAA,ACATGACGTATTG,ATTAGATACCCTAGTAGTCC,GCATCGATGAAGAACGCAGC,G5
CTTGGTCATTTAGAGGAAGTAAT,GTGCCAGCAGCCGCGGTAA,ACATTAAGCTCGT,ATTAGATACCCTAGTAGTCC,GCATCGATGAAGAACGCAGC,G6
CTTGGTCATTTAGAGGAAGTAAT,GTGCCAGCAGCCGCGGTAA,ACCAATCGCTGTT,ATTAGATACCCTAGTAGTCC,GCATCGATGAAGAACGCAGC,G7
CTTGGTCATTTAGAGGAAGTAAT,GTGCCAGCAGCCGCGGTAA,ACCACAAGTTACC,ATTAGATACCCTAGTAGTCC,GCATCGATGAAGAACGCAGC,G8
CTTGGTCATTTAGAGGAAGTAAT,GTGCCAGCAGCCGCGGTAA,ACCATTGTATAGG,ATTAGATACCCTAGTAGTCC,GCATCGATGAAGAACGCAGC,G9
CTTGGTCATTTAGAGGAAGTAAT,GTGCCAGCAGCCGCGGTAA,ACCGAACGACCAT,ATTAGATACCCTAGTAGTCC,GCATCGATGAAGAACGCAGC,G10
CTTGGTCATTTAGAGGAAGTAAT,GTGCCAGCAGCCGCGGTAA,ACCGAGATACTTG,ATTAGATACCCTAGTAGTCC,GCATCGATGAAGAACGCAGC,G11
CTTGGTCATTTAGAGGAAGTAAT,GTGCCAGCAGCCGCGGTAA,ACCGCACTAGAGA,ATTAGATACCCTAGTAGTCC,GCATCGATGAAGAACGCAGC,G12
CTTGGTCATTTAGAGGAAGTAAT,GTGCCAGCAGCCGCGGTAA,ACCGCCGTTCAAT,ATTAGATACCCTAGTAGTCC,GCATCGATGAAGAACGCAGC,H1
CTTGGTCATTTAGAGGAAGTAAT,GTGCCAGCAGCCGCGGTAA,ACCGTCTATGCCA,ATTAGATACCCTAGTAGTCC,GCATCGATGAAGAACGCAGC,H2
CTTGGTCATTTAGAGGAAGTAAT,GTGCCAGCAGCCGCGGTAA,ACCGTGGAAGTGG,ATTAGATACCCTAGTAGTCC,GCATCGATGAAGAACGCAGC,H3
CTTGGTCATTTAGAGGAAGTAAT,GTGCCAGCAGCCGCGGTAA,ACCTCTTAACGTC,ATTAGATACCCTAGTAGTCC,GCATCGATGAAGAACGCAGC,H4
CTTGGTCATTTAGAGGAAGTAAT,GTGCCAGCAGCCGCGGTAA,ACCTGGACCGAAG,ATTAGATACCCTAGTAGTCC,GCATCGATGAAGAACGCAGC,H5
CTTGGTCATTTAGAGGAAGTAAT,GTGCCAGCAGCCGCGGTAA,ACGAACTGTGGTC,ATTAGATACCCTAGTAGTCC,GCATCGATGAAGAACGCAGC,H6
CTTGGTCATTTAGAGGAAGTAAT,GTGCCAGCAGCCGCGGTAA,ACGAGAAGATAAG,ATTAGATACCCTAGTAGTCC,GCATCGATGAAGAACGCAGC,H7
CTTGGTCATTTAGAGGAAGTAAT,GTGCCAGCAGCCGCGGTAA,ACGATTGCGAGCC,ATTAGATACCCTAGTAGTCC,GCATCGATGAAGAACGCAGC,H8
CTTGGTCATTTAGAGGAAGTAAT,GTGCCAGCAGCCGCGGTAA,ACGCACCACACCA,ATTAGATACCCTAGTAGTCC,GCATCGATGAAGAACGCAGC,H9
CTTGGTCATTTAGAGGAAGTAAT,GTGCCAGCAGCCGCGGTAA,ACGCGATGGTTCC,ATTAGATACCCTAGTAGTCC,GCATCGATGAAGAACGCAGC,H10
CTTGGTCATTTAGAGGAAGTAAT,GTGCCAGCAGCCGCGGTAA,ACGCGCTTATATT,ATTAGATACCCTAGTAGTCC,GCATCGATGAAGAACGCAGC,H11
CTTGGTCATTTAGAGGAAGTAAT,GTGCCAGCAGCCGCGGTAA,CTGTATCAACTGG,ATTAGATACCCTAGTAGTCC,GCATCGATGAAGAACGCAGC,H12